{
    "timestamp" : 1552490597193,
    "revision" : {
        "HEAD" : "a23787cede24ac9c3cdd97285f6d16f67b0995db",
        "currentBranch" : "HEAD",
        "knownReferences" : [{
            "name" : "origin",
            "url" : "git://git.eclipse.org/gitroot/egit/egit.git",
            "ref" : "stable-5.3"
        }]
    },
    "properties" : {
        "TARGET_PLATFORM_VERSION_MAXIMUM" : "null",
        "java.version" : "1.8.0_192",
        "user.dir" : "/jobs/genie.egit/egit-stable/workspace",
        "os.arch" : "amd64",
        "RELEASE" : "null",
        "BUILD_ALIAS" : "null",
        "JOB_NAME" : "null",
        "os.version" : "3.12.62-60.64.8-default",
        "BUILD_NUMBER" : "null",
        "TARGET_PLATFORM_VERSION" : "null",
        "NODE_NAME" : "null",
        "HOSTNAME" : "hipp1",
        "java.vendor" : "Oracle Corporation",
        "os.name" : "Linux",
        "ZIPSUFFIX" : "null",
        "WORKSPACE" : "/jobs/genie.egit/egit-stable/workspace"
    },
    "upstream" : {
        "https://repo.eclipse.org/content/unzip/releases.unzip/org/eclipse/jgit/org.eclipse.jgit.repository/5.3.0.201903130848-r/org.eclipse.jgit.repository-5.3.0.201903130848-r.zip-unzip/" : "Build info file not accessible: https://repo.eclipse.org/content/unzip/releases.unzip/org/eclipse/jgit/org.eclipse.jgit.repository/5.3.0.201903130848-r/org.eclipse.jgit.repository-5.3.0.201903130848-r.zip-unzip/buildinfo.json",
        "http://download.eclipse.org/cbi/updates/license" : "Build info file not accessible: http://download.eclipse.org/cbi/updates/license/buildinfo.json"
    }
}